-1,-1,-1,-1,10,-1,0,2,-1
1,3,0,1,-1,-1,-1,-1,-1
1,3,0,1,-1,-1,-1,-1,-1
-1,-1,-1,-1,14,1,0,0,-1
5,3,0,1,-1,-1,-1,-1,-1
-1,-1,-1,-1,14,1,1,0,-1
3,1,0,0,-1,-1,-1,-1,-1
-1,-1,-1,-1,14,1,0,0,-1
5,3,0,1,-1,-1,-1,-1,-1
-1,-1,-1,-1,14,1,1,0,-1
3,1,0,0,-1,-1,-1,-1,-1
-1,-1,-1,-1,-1,-1,-1,-1,0
-1,-1,-1,-1,-1,-1,-1,-1,1
4,1,1,0,-1,-1,-1,-1,-1
-1,-1,-1,-1,-1,-1,-1,-1,0
4,1,1,0,-1,-1,-1,-1,-1
-1,-1,-1,-1,-1,-1,-1,-1,0
2,1,0,0,-1,-1,-1,-1,-1
-1,-1,-1,-1,-1,-1,-1,-1,0
0,2,1,1,-1,-1,-1,-1,-1
2,1,0,0,-1,-1,-1,-1,-1
-1,-1,-1,-1,8,3,0,2,-1
5,2,1,1,-1,-1,-1,-1,-1
1,3,0,1,-1,-1,-1,-1,-1
-1,-1,-1,-1,8,3,1,2,-1
-1,-1,-1,-1,-1,-1,-1,-1,0
4,1,1,0,-1,-1,-1,-1,-1
-1,-1,-1,-1,-1,-1,-1,-1,1
-1,-1,-1,-1,-1,-1,-1,-1,1
-1,-1,-1,-1,-1,-1,-1,-1,1
-1,-1,-1,-1,-1,-1,-1,-1,1
4,1,1,0,-1,-1,-1,-1,-1
-1,-1,-1,-1,10,-1,1,2,-1
