-1,-1,-1,-1,1,-1,0,0,-1
1,1,1,0,-1,-1,-1,-1,-1
1,1,1,0,-1,-1,-1,-1,-1
-1,-1,-1,-1,22,3,0,0,-1
4,2,1,1,-1,-1,-1,-1,-1
1,1,1,0,-1,-1,-1,-1,-1
-1,-1,-1,-1,10,3,0,0,-1
4,2,1,1,-1,-1,-1,-1,-1
-1,-1,-1,-1,10,3,1,0,-1
1,1,1,0,-1,-1,-1,-1,-1
-1,-1,-1,-1,10,3,0,0,-1
4,2,1,1,-1,-1,-1,-1,-1
-1,-1,-1,-1,10,3,1,0,-1
-1,-1,-1,-1,22,3,1,0,-1
3,1,0,0,-1,-1,-1,-1,-1
1,1,1,0,-1,-1,-1,-1,-1
-1,-1,-1,-1,10,3,0,0,-1
4,2,1,1,-1,-1,-1,-1,-1
-1,-1,-1,-1,10,3,1,0,-1
0,1,0,0,-1,-1,-1,-1,-1
1,1,1,0,-1,-1,-1,-1,-1
-1,-1,-1,-1,10,3,0,0,-1
4,2,1,1,-1,-1,-1,-1,-1
-1,-1,-1,-1,10,3,1,0,-1
2,1,0,0,-1,-1,-1,-1,-1
1,1,1,0,-1,-1,-1,-1,-1
-1,-1,-1,-1,22,3,0,0,-1
4,2,1,1,-1,-1,-1,-1,-1
0,1,0,0,-1,-1,-1,-1,-1
2,1,0,0,-1,-1,-1,-1,-1
-1,-1,-1,-1,22,3,1,0,-1
3,1,0,0,-1,-1,-1,-1,-1
1,2,1,1,-1,-1,-1,-1,-1
0,2,1,1,-1,-1,-1,-1,-1
1,2,1,1,-1,-1,-1,-1,-1
2,3,0,1,-1,-1,-1,-1,-1
-1,-1,-1,-1,1,-1,1,0,-1
