-1,-1,-1,-1,13,3,0,0,-1
4,3,0,1,-1,-1,-1,-1,-1
0,2,1,1,-1,-1,-1,-1,-1
2,1,1,0,-1,-1,-1,-1,-1
1,1,0,0,-1,-1,-1,-1,-1
4,3,0,1,-1,-1,-1,-1,-1
-1,-1,-1,-1,-1,-1,-1,-1,0
3,2,1,1,-1,-1,-1,-1,-1
2,1,1,0,-1,-1,-1,-1,-1
-1,-1,-1,-1,16,3,0,2,-1
0,2,1,1,-1,-1,-1,-1,-1
1,1,0,0,-1,-1,-1,-1,-1
-1,-1,-1,-1,16,3,1,2,-1
-1,-1,-1,-1,-1,-1,-1,-1,0
3,2,1,1,-1,-1,-1,-1,-1
2,1,1,0,-1,-1,-1,-1,-1
-1,-1,-1,-1,-1,-1,-1,-1,1
2,1,1,0,-1,-1,-1,-1,-1
-1,-1,-1,-1,15,3,0,0,-1
0,2,1,1,-1,-1,-1,-1,-1
1,1,0,0,-1,-1,-1,-1,-1
-1,-1,-1,-1,15,3,1,0,-1
2,1,1,0,-1,-1,-1,-1,-1
-1,-1,-1,-1,16,3,0,2,-1
0,2,1,1,-1,-1,-1,-1,-1
1,1,0,0,-1,-1,-1,-1,-1
-1,-1,-1,-1,16,3,1,2,-1
-1,-1,-1,-1,19,0,0,0,-1
0,1,0,0,-1,-1,-1,-1,-1
-1,-1,-1,-1,19,0,1,0,-1
2,1,1,0,-1,-1,-1,-1,-1
-1,-1,-1,-1,-1,-1,-1,-1,1
-1,-1,-1,-1,13,3,1,0,-1
