-1,-1,-1,-1,3,-1,0,0,-1
1,2,1,1,-1,-1,-1,-1,-1
-1,-1,-1,-1,17,1,0,0,-1
2,3,0,1,-1,-1,-1,-1,-1
-1,-1,-1,-1,17,1,1,0,-1
1,2,1,1,-1,-1,-1,-1,-1
-1,-1,-1,-1,-1,-1,-1,-1,0
1,2,1,1,-1,-1,-1,-1,-1
-1,-1,-1,-1,-1,-1,-1,-1,0
-1,-1,-1,-1,-1,-1,-1,-1,1
-1,-1,-1,-1,-1,-1,-1,-1,1
-1,-1,-1,-1,-1,-1,-1,-1,0
1,2,1,1,-1,-1,-1,-1,-1
0,1,1,0,-1,-1,-1,-1,-1
1,2,1,1,-1,-1,-1,-1,-1
-1,-1,-1,-1,6,3,0,0,-1
2,2,1,1,-1,-1,-1,-1,-1
0,2,1,1,-1,-1,-1,-1,-1
-1,-1,-1,-1,6,3,1,0,-1
-1,-1,-1,-1,6,3,0,0,-1
2,2,1,1,-1,-1,-1,-1,-1
-1,-1,-1,-1,6,3,1,0,-1
-1,-1,-1,-1,-1,-1,-1,-1,1
-1,-1,-1,-1,2,3,0,0,-1
2,2,1,1,-1,-1,-1,-1,-1
-1,-1,-1,-1,2,3,1,0,-1
-1,-1,-1,-1,3,-1,1,0,-1
