-1,-1,-1,-1,12,-1,0,0,-1
-1,-1,-1,-1,15,0,0,0,-1
4,1,0,0,-1,-1,-1,-1,-1
-1,-1,-1,-1,15,0,1,0,-1
2,1,0,0,-1,-1,-1,-1,-1
2,1,0,0,-1,-1,-1,-1,-1
1,1,1,0,-1,-1,-1,-1,-1
0,1,1,0,-1,-1,-1,-1,-1
1,1,1,0,-1,-1,-1,-1,-1
-1,-1,-1,-1,-1,-1,-1,-1,0
2,1,0,0,-1,-1,-1,-1,-1
-1,-1,-1,-1,7,1,0,1,-1
4,3,0,1,-1,-1,-1,-1,-1
1,1,1,0,-1,-1,-1,-1,-1
-1,-1,-1,-1,7,1,1,1,-1
-1,-1,-1,-1,15,0,0,0,-1
4,1,0,0,-1,-1,-1,-1,-1
-1,-1,-1,-1,15,0,1,0,-1
3,1,0,0,-1,-1,-1,-1,-1
0,1,1,0,-1,-1,-1,-1,-1
-1,-1,-1,-1,5,3,0,0,-1
4,2,1,1,-1,-1,-1,-1,-1
3,1,0,0,-1,-1,-1,-1,-1
-1,-1,-1,-1,2,1,0,0,-1
4,3,0,1,-1,-1,-1,-1,-1
-1,-1,-1,-1,2,1,1,0,-1
-1,-1,-1,-1,5,3,1,0,-1
1,1,1,0,-1,-1,-1,-1,-1
-1,-1,-1,-1,-1,-1,-1,-1,1
0,1,1,0,-1,-1,-1,-1,-1
-1,-1,-1,-1,12,-1,1,0,-1
